Date	Time	ShopType	Owner	TradingPlayer	World	X	Y	Z	CostList	ProductList
2024-06-30	04:01:30	Trade	nasu_chacha	Lakshh007	nasu vally	574.0	65.0	-590.0	{"Item #0":{"==":"org.bukkit.inventory.ItemStack","v":3839,"type":"EMERALD","amount":20}}	{"Item #0":{"==":"org.bukkit.inventory.ItemStack","v":3839,"type":"ENCHANTED_BOOK","meta":{"==":"ItemMeta","meta-type":"ENCHANTED","stored-enchants":{"minecraft:protection":4}}}}
2024-06-30	04:01:31	Trade	nasu_chacha	Lakshh007	nasu vally	574.0	65.0	-590.0	{"Item #0":{"==":"org.bukkit.inventory.ItemStack","v":3839,"type":"EMERALD","amount":20}}	{"Item #0":{"==":"org.bukkit.inventory.ItemStack","v":3839,"type":"ENCHANTED_BOOK","meta":{"==":"ItemMeta","meta-type":"ENCHANTED","stored-enchants":{"minecraft:protection":4}}}}
2024-06-30	04:01:31	Trade	nasu_chacha	Lakshh007	nasu vally	574.0	65.0	-590.0	{"Item #0":{"==":"org.bukkit.inventory.ItemStack","v":3839,"type":"EMERALD","amount":20}}	{"Item #0":{"==":"org.bukkit.inventory.ItemStack","v":3839,"type":"ENCHANTED_BOOK","meta":{"==":"ItemMeta","meta-type":"ENCHANTED","stored-enchants":{"minecraft:protection":4}}}}
2024-06-30	04:01:31	Trade	nasu_chacha	Lakshh007	nasu vally	574.0	65.0	-590.0	{"Item #0":{"==":"org.bukkit.inventory.ItemStack","v":3839,"type":"EMERALD","amount":20}}	{"Item #0":{"==":"org.bukkit.inventory.ItemStack","v":3839,"type":"ENCHANTED_BOOK","meta":{"==":"ItemMeta","meta-type":"ENCHANTED","stored-enchants":{"minecraft:protection":4}}}}
2024-06-30	04:01:32	Trade	nasu_chacha	Lakshh007	nasu vally	574.0	65.0	-590.0	{"Item #0":{"==":"org.bukkit.inventory.ItemStack","v":3839,"type":"EMERALD","amount":20}}	{"Item #0":{"==":"org.bukkit.inventory.ItemStack","v":3839,"type":"ENCHANTED_BOOK","meta":{"==":"ItemMeta","meta-type":"ENCHANTED","stored-enchants":{"minecraft:protection":4}}}}
2024-06-30	04:01:32	Trade	nasu_chacha	Lakshh007	nasu vally	574.0	65.0	-590.0	{"Item #0":{"==":"org.bukkit.inventory.ItemStack","v":3839,"type":"EMERALD","amount":20}}	{"Item #0":{"==":"org.bukkit.inventory.ItemStack","v":3839,"type":"ENCHANTED_BOOK","meta":{"==":"ItemMeta","meta-type":"ENCHANTED","stored-enchants":{"minecraft:protection":4}}}}
2024-06-30	04:01:32	Trade	nasu_chacha	Lakshh007	nasu vally	574.0	65.0	-590.0	{"Item #0":{"==":"org.bukkit.inventory.ItemStack","v":3839,"type":"EMERALD","amount":20}}	{"Item #0":{"==":"org.bukkit.inventory.ItemStack","v":3839,"type":"ENCHANTED_BOOK","meta":{"==":"ItemMeta","meta-type":"ENCHANTED","stored-enchants":{"minecraft:protection":4}}}}
2024-06-30	04:01:32	Trade	nasu_chacha	Lakshh007	nasu vally	574.0	65.0	-590.0	{"Item #0":{"==":"org.bukkit.inventory.ItemStack","v":3839,"type":"EMERALD","amount":20}}	{"Item #0":{"==":"org.bukkit.inventory.ItemStack","v":3839,"type":"ENCHANTED_BOOK","meta":{"==":"ItemMeta","meta-type":"ENCHANTED","stored-enchants":{"minecraft:protection":4}}}}
2024-06-30	04:01:32	Trade	nasu_chacha	Lakshh007	nasu vally	574.0	65.0	-590.0	{"Item #0":{"==":"org.bukkit.inventory.ItemStack","v":3839,"type":"EMERALD","amount":20}}	{"Item #0":{"==":"org.bukkit.inventory.ItemStack","v":3839,"type":"ENCHANTED_BOOK","meta":{"==":"ItemMeta","meta-type":"ENCHANTED","stored-enchants":{"minecraft:protection":4}}}}
2024-06-30	04:01:33	Trade	nasu_chacha	Lakshh007	nasu vally	574.0	65.0	-590.0	{"Item #0":{"==":"org.bukkit.inventory.ItemStack","v":3839,"type":"EMERALD","amount":20}}	{"Item #0":{"==":"org.bukkit.inventory.ItemStack","v":3839,"type":"ENCHANTED_BOOK","meta":{"==":"ItemMeta","meta-type":"ENCHANTED","stored-enchants":{"minecraft:protection":4}}}}
2024-06-30	04:01:36	Trade	nasu_chacha	Lakshh007	nasu vally	574.0	65.0	-590.0	{"Item #0":{"==":"org.bukkit.inventory.ItemStack","v":3839,"type":"EMERALD","amount":20}}	{"Item #0":{"==":"org.bukkit.inventory.ItemStack","v":3839,"type":"ENCHANTED_BOOK","meta":{"==":"ItemMeta","meta-type":"ENCHANTED","stored-enchants":{"minecraft:protection":4}}}}
2024-06-30	04:01:37	Trade	nasu_chacha	Lakshh007	nasu vally	574.0	65.0	-590.0	{"Item #0":{"==":"org.bukkit.inventory.ItemStack","v":3839,"type":"EMERALD","amount":20}}	{"Item #0":{"==":"org.bukkit.inventory.ItemStack","v":3839,"type":"ENCHANTED_BOOK","meta":{"==":"ItemMeta","meta-type":"ENCHANTED","stored-enchants":{"minecraft:protection":4}}}}
2024-06-30	04:01:37	Trade	nasu_chacha	Lakshh007	nasu vally	574.0	65.0	-590.0	{"Item #0":{"==":"org.bukkit.inventory.ItemStack","v":3839,"type":"EMERALD","amount":20}}	{"Item #0":{"==":"org.bukkit.inventory.ItemStack","v":3839,"type":"ENCHANTED_BOOK","meta":{"==":"ItemMeta","meta-type":"ENCHANTED","stored-enchants":{"minecraft:protection":4}}}}
2024-06-30	04:01:37	Trade	nasu_chacha	Lakshh007	nasu vally	574.0	65.0	-590.0	{"Item #0":{"==":"org.bukkit.inventory.ItemStack","v":3839,"type":"EMERALD","amount":20}}	{"Item #0":{"==":"org.bukkit.inventory.ItemStack","v":3839,"type":"ENCHANTED_BOOK","meta":{"==":"ItemMeta","meta-type":"ENCHANTED","stored-enchants":{"minecraft:protection":4}}}}
2024-06-30	04:01:37	Trade	nasu_chacha	Lakshh007	nasu vally	574.0	65.0	-590.0	{"Item #0":{"==":"org.bukkit.inventory.ItemStack","v":3839,"type":"EMERALD","amount":20}}	{"Item #0":{"==":"org.bukkit.inventory.ItemStack","v":3839,"type":"ENCHANTED_BOOK","meta":{"==":"ItemMeta","meta-type":"ENCHANTED","stored-enchants":{"minecraft:protection":4}}}}
2024-06-30	04:01:37	Trade	nasu_chacha	Lakshh007	nasu vally	574.0	65.0	-590.0	{"Item #0":{"==":"org.bukkit.inventory.ItemStack","v":3839,"type":"EMERALD","amount":20}}	{"Item #0":{"==":"org.bukkit.inventory.ItemStack","v":3839,"type":"ENCHANTED_BOOK","meta":{"==":"ItemMeta","meta-type":"ENCHANTED","stored-enchants":{"minecraft:protection":4}}}}
2024-06-30	04:03:24	Trade	nasu_chacha	Lakshh007	nasu vally	575.0	65.0	-590.0	{"Item #0":{"==":"org.bukkit.inventory.ItemStack","v":3839,"type":"EMERALD","amount":30}}	{"Item #0":{"==":"org.bukkit.inventory.ItemStack","v":3839,"type":"ENCHANTED_BOOK","amount":4,"meta":{"==":"ItemMeta","meta-type":"ENCHANTED","stored-enchants":{"minecraft:mending":1}}}}
2024-06-30	04:03:24	Trade	nasu_chacha	Lakshh007	nasu vally	575.0	65.0	-590.0	{"Item #0":{"==":"org.bukkit.inventory.ItemStack","v":3839,"type":"EMERALD","amount":30}}	{"Item #0":{"==":"org.bukkit.inventory.ItemStack","v":3839,"type":"ENCHANTED_BOOK","amount":4,"meta":{"==":"ItemMeta","meta-type":"ENCHANTED","stored-enchants":{"minecraft:mending":1}}}}
2024-06-30	04:03:25	Trade	nasu_chacha	Lakshh007	nasu vally	575.0	65.0	-590.0	{"Item #0":{"==":"org.bukkit.inventory.ItemStack","v":3839,"type":"EMERALD","amount":30}}	{"Item #0":{"==":"org.bukkit.inventory.ItemStack","v":3839,"type":"ENCHANTED_BOOK","amount":4,"meta":{"==":"ItemMeta","meta-type":"ENCHANTED","stored-enchants":{"minecraft:mending":1}}}}
2024-06-30	04:03:27	Trade	nasu_chacha	Lakshh007	nasu vally	575.0	65.0	-590.0	{"Item #0":{"==":"org.bukkit.inventory.ItemStack","v":3839,"type":"EMERALD","amount":30}}	{"Item #0":{"==":"org.bukkit.inventory.ItemStack","v":3839,"type":"ENCHANTED_BOOK","amount":4,"meta":{"==":"ItemMeta","meta-type":"ENCHANTED","stored-enchants":{"minecraft:mending":1}}}}
2024-06-30	04:03:29	Trade	nasu_chacha	Lakshh007	nasu vally	574.0	65.0	-590.0	{"Item #0":{"==":"org.bukkit.inventory.ItemStack","v":3839,"type":"EMERALD","amount":20}}	{"Item #0":{"==":"org.bukkit.inventory.ItemStack","v":3839,"type":"ENCHANTED_BOOK","meta":{"==":"ItemMeta","meta-type":"ENCHANTED","stored-enchants":{"minecraft:protection":4}}}}
2024-06-30	04:03:30	Trade	nasu_chacha	Lakshh007	nasu vally	574.0	65.0	-590.0	{"Item #0":{"==":"org.bukkit.inventory.ItemStack","v":3839,"type":"EMERALD","amount":20}}	{"Item #0":{"==":"org.bukkit.inventory.ItemStack","v":3839,"type":"ENCHANTED_BOOK","meta":{"==":"ItemMeta","meta-type":"ENCHANTED","stored-enchants":{"minecraft:protection":4}}}}
2024-06-30	04:47:24	Trade	nasu_chacha	Festerrr	nasu vally	577.0	65.0	-590.0	{"Item #0":{"==":"org.bukkit.inventory.ItemStack","v":3839,"type":"DIAMOND","amount":7}}	{"Item #0":{"==":"org.bukkit.inventory.ItemStack","v":3839,"type":"TOTEM_OF_UNDYING"}}
