[{"joins":497,"lastName":"PuneetD","session":1422434,"time":1422434,"uuid":"d9d68f13-d608-35c3-9cc9-60dd58905161"},{"joins":439,"lastName":"nasu_chacha","session":991817,"time":991817,"uuid":"e9e29ffd-e1e6-3448-bd19-e7d75dcd5a71"},{"joins":167,"lastName":"Lakshh007","session":515015,"time":515015,"uuid":"dd485c7f-1fa8-31e8-94f9-227dca9720c3"},{"joins":162,"lastName":"Festerrr","session":445999,"time":445999,"uuid":"69846b66-f868-39d5-a2ce-38e5a6b51761"},{"joins":50,"lastName":"Self_lakshh","session":84648,"time":84648,"uuid":"99cd88bd-5901-3c4f-b1f7-a4325c04aef0"},{"joins":26,"lastName":"Crafters","session":29101,"time":29101,"uuid":"66c1b1d6-1071-3904-86a0-19e9ed22a8ff"},{"joins":22,"lastName":"Mod_nasu","session":22125,"time":22125,"uuid":"64ba0f2a-cdfa-3d53-92c8-7b0c140c72cb"},{"joins":6,"lastName":"IamNoob","session":6434,"time":6434,"uuid":"39519a42-56d3-35cd-949b-27a404f21546"},{"joins":6,"lastName":"Ankit303","session":5360,"time":5360,"uuid":"7fb4ca69-417a-37ed-966c-e0fb3020d5d5"},{"joins":3,"lastName":"_Festerr_","session":2016,"time":2016,"uuid":"0f111694-88d6-3299-ae1e-b9932eb6098b"},{"joins":3,"lastName":"Crazy_Sawan","session":334,"time":334,"uuid":"dd5a2ffc-d633-35fa-93fc-43bf5b1f21a1"},{"joins":2,"lastName":"Fester4","session":44,"time":44,"uuid":"acfbecf8-6d56-3a40-b4b5-0611685bdf83"},{"joins":2,"lastName":"Cpt_Jack_Sparrow","session":40,"time":40,"uuid":"0737dfd7-330b-3e02-b9b6-e04578d647e6"}]