{
  "type": "minecraft:random_selector",
  "config": {
    "features": [
      {
        "chance": 0,
        "feature": {
          "feature": {
            "type": "minecraft:random_patch",
            "config": {
              "tries": 8,
              "xz_spread": 1,
              "y_spread": 128,
              "feature": {
                "feature": {
                  "type": "minecraft:simple_block",
                  "config": {
                    "to_place": {
                      "type": "minecraft:simple_state_provider",
                      "state": {
                        "Name": "minecraft:basalt",
                        "Properties": {
                          "axis": "y"
                        }
                      }
                    }
                  }
                },
                "placement": [
                  {
                    "type": "minecraft:block_predicate_filter",
                    "predicate": {
                      "type": "minecraft:all_of",
                      "predicates": [
                        {
                          "type": "minecraft:matching_blocks",
                          "blocks": [
                            "minecraft:air"
                          ]
                        },
                        {
                          "type": "minecraft:matching_blocks",
                          "offset": [
                            0,
                            -1,
                            0
                          ],
                          "blocks": [
                            "minecraft:air"
                          ]
                        }
                      ]
                    }
                  }
                ]
              }
            }
          },
          "placement": []
        }
      },
      {
        "chance": 0.05,
        "feature": {
          "feature": {
            "type": "minecraft:random_patch",
            "config": {
              "tries": 24,
              "xz_spread": 0,
              "y_spread": 1,
              "feature": {
                "feature": {
                  "type": "minecraft:block_column",
                  "config": {
                    "direction": "up",
                    "allowed_placement": {
                      "type": "minecraft:matching_blocks",
                      "blocks": [
                        "minecraft:air"
                      ]
                    },
                    "prioritize_tip": false,
                    "layers": [
                      {
                        "height": {
                          "type": "minecraft:uniform",

                            "min_inclusive": 1,
                            "max_inclusive": 11
                          
                        },
                        "provider": {
                          "type": "minecraft:simple_state_provider",
                          "state": {
                            "Name": "minecraft:basalt",
                            "Properties": {
                              "axis": "y"
                            }
                          }
                        }
                      }
                    ]
                  }
                },
                "placement": [
                  {
                    "type": "minecraft:block_predicate_filter",
                    "predicate": {
                      "type": "minecraft:all_of",
                      "predicates": [
                        {
                          "type": "minecraft:matching_blocks",
                          "blocks": [
                            "minecraft:air"
                          ]
                        }
                      ]
                    }
                  }
                ]
              }
            }
          },
          "placement": []
        }
      },
      {
        "chance": 0.05,
        "feature": {
          "feature": {
            "type": "minecraft:random_patch",
            "config": {
              "tries": 24,
              "xz_spread": 1,
              "y_spread": 1,
              "feature": {
                "feature": {
                  "type": "minecraft:block_column",
                  "config": {
                    "direction": "up",
                    "allowed_placement": {
                      "type": "minecraft:matching_blocks",
                      "blocks": [
                        "minecraft:air"
                      ]
                    },
                    "prioritize_tip": false,
                    "layers": [
                      {
                        "height": {
                          "type": "minecraft:uniform",

                            "min_inclusive": 1,
                            "max_inclusive": 11
                          
                        },
                        "provider": {
                          "type": "minecraft:simple_state_provider",
                          "state": {
                            "Name": "minecraft:basalt",
                            "Properties": {
                              "axis": "y"
                            }
                          }
                        }
                      }
                    ]
                  }
                },
                "placement": [
                  {
                    "type": "minecraft:block_predicate_filter",
                    "predicate": {
                      "type": "minecraft:all_of",
                      "predicates": [
                        {
                          "type": "minecraft:matching_blocks",
                          "blocks": [
                            "minecraft:air"
                          ]
                        }
                      ]
                    }
                  }
                ]
              }
            }
          },
          "placement": []
        }
      },
      {
        "chance": 0.75,
        "feature": {
          "feature": {
            "type": "minecraft:random_patch",
            "config": {
              "tries": 512,
              "xz_spread": 0,
              "y_spread": 255,
              "feature": {
                "feature": {
                  "type": "minecraft:simple_block",
                  "config": {
                    "to_place": {
                      "type": "minecraft:simple_state_provider",
                      "state": {
                        "Name": "minecraft:basalt",
                        "Properties": {
                          "axis": "y"
                        }
                      }
                    }
                  }
                },
                "placement": [
                  {
                    "type": "minecraft:block_predicate_filter",
                    "predicate": {
                      "type": "minecraft:all_of",
                      "predicates": [
                        {
                          "type": "minecraft:matching_blocks",
                          "blocks": [
                            "minecraft:air"
                          ]
                        },
                        {
                          "type": "minecraft:matching_blocks",
                          "offset": [
                            0,
                            -1,
                            0
                          ],
                          "blocks": [
                            "minecraft:basalt"
                          ]
                        }
                      ]
                    }
                  }
                ]
              }
            }
          },
          "placement": []
        }
      }
    ],
    "default": {
      "feature": {
        "type": "minecraft:random_patch",
        "config": {
          "tries": 5,
          "xz_spread": 2,
          "y_spread": 2,
          "feature": {
            "feature": {
              "type": "minecraft:simple_block",
              "config": {
                "to_place": {
                  "type": "minecraft:simple_state_provider",
                  "state": {
                    "Name": "minecraft:basalt",
                    "Properties": {
                      "axis": "y"
                    }
                  }
                }
              }
            },
            "placement": [
              {
                "type": "minecraft:block_predicate_filter",
                "predicate": {
                  "type": "minecraft:all_of",
                  "predicates": [
                    {
                      "type": "minecraft:matching_blocks",
                      "blocks": [
                        "minecraft:air"
                      ]
                    },
                    {
                      "type": "minecraft:matching_blocks",
                      "offset": [
                        0,
                        -1,
                        0
                      ],
                      "blocks": [
                        "minecraft:soul_soil",
                        "minecraft:soul_sand",
                        "minecraft:netherrack",
                        "minecraft:lava"
                      ]
                    }
                  ]
                }
              }
            ]
          }
        }
      },
      "placement": []
    }
  }
}
