{
  "pools": [
    {
      "rolls": 1,
      "entries": [
        {
          "type": "minecraft:item",
          "name": "minecraft:netherite_sword",
          "functions": [
            {
              "function": "minecraft:set_attributes",
              "modifiers": [
                {
                  "attribute": "minecraft:generic.movement_speed",
                  "name": "d",
                  "amount": {
                    "min": -0.225,
                    "max": -0.15
                  },
                  "operation": "add_multiplied_base",
                  "slot": "mainhand"
                },
                {
                  "attribute": "minecraft:generic.attack_speed",
                  "name": "d",
                  "amount": -2.4,
                  "operation": "add_value",
                  "slot": "mainhand"
                },
                {
                  "attribute": "minecraft:generic.attack_damage",
                  "name": "d",
                  "amount": 13,
                  "operation": "add_value",
                  "slot": "mainhand"
                }
              ]
            },
            {
              "function": "minecraft:set_lore",
              "entity": "this",
              "lore": [
                [
                  {
                    "text": "\"",
                    "color": "#006666",
                    "italic": true
                  },
                  {
                    "translate":"incendium.item.warping_witherblade.desc1","fallback":"For in life all things return",
                    "color": "#006666",
                    "italic": true
                  }
                ],
                {
                  "translate":"incendium.item.warping_witherblade.desc2","fallback":"to death, and in death all things",
                  "color": "#006666",
                  "italic": true
                },
                [
                  {
                    "translate":"incendium.item.warping_witherblade.desc3","fallback":"return to the shadow of",
                    "color": "#006666",
                    "italic": true
                  },
                  " ",
                  {
                    "text": "CENSOR",
                    "color": "#006666",
                    "italic": true,
                    "obfuscated": true
                  },
                  {
                    "text": "\"",
                    "color": "#006666",
                    "italic": true,
                    "obfuscated": false
                  }
                ],
                "",
                {
                  "translate":"incendium.system.patron_item","fallback":"Patron Item",
                  "color": "#333333",
                  "italic": true
                },
                "",
                {
                  "translate":"incendium","fallback":"Incendium",
                  "color": "#FF8000",
                  "italic": true
                }
              ],
              "mode": "replace_all"
            },
            {
              "function": "minecraft:set_name",
              "entity": "this",
              "name": {
                "translate":"incendium.item.warping_witherblade.name","fallback":"Warping Witherblade",
                "color": "#330099",
                "italic": false
              }
            },
            {
              "function": "minecraft:set_custom_data",
              "tag": "{incendium:{item:'warping_witherblade'}}"
            },
            {
              "function": "minecraft:set_components",
              "components": {
                "minecraft:custom_model_data": 1450001
              }
            }
          ]
        }
      ]
    }
  ]
}
