"2024-06-22T06:19:57Z";"CREATE_CHEST";"{"chest":{"location":{"world":"nasu vally_the_end","x":1018.0,"y":58.0,"z":-1454.0},"createdAt":1719037196959,"expireAt":1719040796959,"owner":{"name":"Self_lakshh","op":true,"id":"99cd88bd-5901-3c4f-b1f7-a4325c04aef0","entity-id":1104,"location":{"world":"nasu vally_the_end","x":1018.3042221603339,"y":69.63546560779943,"z":-1453.568426846666,"yaw":-114.74768,"pitch":37.950146}},"isProtected":false,"inventory":{"type":"CHEST","size":9,"content":[{"v":3839,"type":"SHULKER_SPAWN_EGG"}]}}}"
"2024-06-22T06:20:39Z";"DESTROY_CHEST";"{"chest":{"location":{"world":"nasu vally_the_end","x":1018.0,"y":58.0,"z":-1454.0},"createdAt":1719037196959,"expireAt":1719040796959,"owner":{"name":"Self_lakshh","op":true,"id":"99cd88bd-5901-3c4f-b1f7-a4325c04aef0","entity-id":1104,"location":{"world":"nasu vally_the_end","x":1018.8326771716795,"y":58.0,"z":-1456.1945638085774,"yaw":6.4523234,"pitch":19.49999}},"isProtected":false,"inventory":{"type":"CHEST","size":9,"content":[{"v":3839,"type":"SHULKER_SPAWN_EGG"}]}},"reason":"BREAK","extra":{"player":{"name":"Self_lakshh","op":true,"id":"99cd88bd-5901-3c4f-b1f7-a4325c04aef0","entity-id":1104,"location":{"world":"nasu vally_the_end","x":1018.8326771716795,"y":58.0,"z":-1456.1945638085774,"yaw":6.4523234,"pitch":19.49999}}}}"
"2024-06-22T06:20:39Z";"DESTROY_CHEST";"{"chest":{"location":{"world":"nasu vally_the_end","x":1018.0,"y":58.0,"z":-1454.0},"createdAt":1719037196959,"expireAt":1719040796959,"owner":{"name":"Self_lakshh","op":true,"id":"99cd88bd-5901-3c4f-b1f7-a4325c04aef0","entity-id":1104,"location":{"world":"nasu vally_the_end","x":1018.8326771716795,"y":58.0,"z":-1456.1945638085774,"yaw":6.4523234,"pitch":19.49999}},"isProtected":false,"inventory":{"type":"CHEST","size":9,"content":[]}},"reason":"PLAYER","extra":{"player":{"name":"Self_lakshh","op":true,"id":"99cd88bd-5901-3c4f-b1f7-a4325c04aef0","entity-id":1104,"location":{"world":"nasu vally_the_end","x":1018.8326771716795,"y":58.0,"z":-1456.1945638085774,"yaw":6.4523234,"pitch":19.49999}}}}"
"2024-06-22T06:21:11Z";"CREATE_CHEST";"{"chest":{"location":{"world":"nasu vally_the_end","x":930.0,"y":62.0,"z":-1432.0},"createdAt":1719037271072,"expireAt":1719040871072,"owner":{"name":"Self_lakshh","op":true,"id":"99cd88bd-5901-3c4f-b1f7-a4325c04aef0","entity-id":1104,"location":{"world":"nasu vally_the_end","x":930.4373732009645,"y":77.36328562348082,"z":-1431.5149090628724,"yaw":74.10222,"pitch":1.7999974}},"isProtected":false,"inventory":{"type":"CHEST","size":9,"content":[{"v":3839,"type":"SHULKER_SPAWN_EGG"}]}}}"
"2024-06-22T07:21:24Z";"DESTROY_CHEST";"{"chest":{"location":{"world":"nasu vally_the_end","x":930.0,"y":62.0,"z":-1432.0},"createdAt":1719037271072,"expireAt":1719040871072,"owner":{},"isProtected":false,"inventory":{"type":"CHEST","size":9,"content":[{"v":3839,"type":"SHULKER_SPAWN_EGG"}]}},"reason":"EXPIRATION","extra":{"item-drops":false}}"
"2024-06-22T07:32:45Z";"CREATE_CHEST";"{"chest":{"location":{"world":"nasu vally_nether","x":-35.0,"y":63.0,"z":29.0},"createdAt":1719041565415,"expireAt":1719045165415,"owner":{"name":"PuneetD","op":false,"id":"d9d68f13-d608-35c3-9cc9-60dd58905161","entity-id":19990,"location":{"world":"nasu vally_nether","x":-33.57660803406036,"y":60.166109260938214,"z":29.30000001192093,"yaw":168.00153,"pitch":84.59999}},"isProtected":false,"inventory":{"type":"CHEST","size":45,"content":[{"v":3839,"type":"DIAMOND_SWORD","meta":{"meta-type":"UNSPECIFIC","enchants":{"minecraft:knockback":2,"minecraft:looting":3,"minecraft:mending":1,"minecraft:smite":4},"repair-cost":3,"Damage":23}},{"v":3839,"type":"DIAMOND_PICKAXE","meta":{"meta-type":"UNSPECIFIC","enchants":{"minecraft:silk_touch":1},"repair-cost":1,"Damage":267}},{"v":3839,"type":"DIAMOND_PICKAXE","meta":{"meta-type":"UNSPECIFIC","enchants":{"minecraft:efficiency":4,"minecraft:fortune":3,"minecraft:unbreaking":3},"Damage":47}},{"v":3839,"type":"BOW","meta":{"meta-type":"UNSPECIFIC","enchants":{"minecraft:flame":1,"minecraft:power":5,"minecraft:punch":2,"minecraft:unbreaking":3},"repair-cost":15,"Damage":39}},{"v":3839,"type":"DIRT","amount":60},{"v":3839,"type":"TORCH","amount":13},{"v":3839,"type":"CHERRY_LOG","amount":64},{"v":3839,"type":"COOKED_CHICKEN","amount":26},{"v":3839,"type":"WATER_BUCKET"},{"v":3839,"type":"CHEST"},{"v":3839,"type":"BONE"},{"v":3839,"type":"BOW","meta":{"meta-type":"UNSPECIFIC","enchants":{"minecraft:power":2},"Damage":208}},{"v":3839,"type":"GUNPOWDER","amount":3},{"v":3839,"type":"ENCHANTED_BOOK","meta":{"meta-type":"ENCHANTED","stored-enchants":{"minecraft:fire_aspect":2}}},{"v":3839,"type":"SPIDER_EYE","amount":3},{"v":3839,"type":"ENCHANTED_BOOK","meta":{"meta-type":"ENCHANTED","stored-enchants":{"minecraft:power":3}}},{"v":3839,"type":"ENCHANTED_BOOK","meta":{"meta-type":"ENCHANTED","stored-enchants":{"minecraft:efficiency":4,"minecraft:knockback":2}}},{"v":3839,"type":"LAPIS_LAZULI","amount":50},{"v":3839,"type":"ENCHANTED_BOOK","meta":{"meta-type":"ENCHANTED","stored-enchants":{"minecraft:fortune":3,"minecraft:smite":4}}},{"v":3839,"type":"ENCHANTED_BOOK","meta":{"meta-type":"ENCHANTED","stored-enchants":{"minecraft:aqua_affinity":1}}},{"v":3839,"type":"BOOK","amount":57},{"v":3839,"type":"SPRUCE_PLANKS","amount":64},{"v":3839,"type":"DIAMOND","amount":10},{"v":3839,"type":"ENCHANTED_BOOK","meta":{"meta-type":"ENCHANTED","stored-enchants":{"minecraft:efficiency":4}}},{"v":3839,"type":"ENCHANTED_BOOK","meta":{"meta-type":"ENCHANTED","stored-enchants":{"minecraft:efficiency":3}}},{"v":3839,"type":"ENCHANTED_BOOK","meta":{"meta-type":"ENCHANTED","stored-enchants":{"minecraft:efficiency":3}}},{"v":3839,"type":"ENCHANTED_BOOK","meta":{"meta-type":"ENCHANTED","stored-enchants":{"minecraft:protection":3}}},{"v":3839,"type":"ENCHANTED_BOOK","meta":{"meta-type":"ENCHANTED","stored-enchants":{"minecraft:protection":3}}},{"v":3839,"type":"ENCHANTED_BOOK","meta":{"meta-type":"ENCHANTED","stored-enchants":{"minecraft:protection":3}}},{"v":3839,"type":"DIAMOND_SHOVEL","meta":{"meta-type":"UNSPECIFIC","enchants":{"minecraft:mending":1},"repair-cost":1,"Damage":47}},{"v":3839,"type":"ENCHANTED_BOOK","meta":{"meta-type":"ENCHANTED","stored-enchants":{"minecraft:protection":3}}},{"v":3839,"type":"ENCHANTED_BOOK","meta":{"meta-type":"ENCHANTED","stored-enchants":{"minecraft:protection":3}}},{"v":3839,"type":"STICK","amount":53},{"v":3839,"type":"ENCHANTED_BOOK","meta":{"meta-type":"ENCHANTED","stored-enchants":{"minecraft:protection":3}}},{"v":3839,"type":"ARROW","amount":10},{"v":3839,"type":"ARROW","amount":64},{"v":3839,"type":"DIAMOND_BOOTS","meta":{"meta-type":"ARMOR","enchants":{"minecraft:depth_strider":3,"minecraft:mending":1,"minecraft:protection":4,"minecraft:unbreaking":3},"repair-cost":1,"Damage":28}},{"v":3839,"type":"DIAMOND_LEGGINGS","meta":{"meta-type":"ARMOR","enchants":{"minecraft:mending":1},"repair-cost":1,"Damage":41}},{"v":3839,"type":"DIAMOND_CHESTPLATE","meta":{"meta-type":"ARMOR","enchants":{"minecraft:mending":1},"repair-cost":1,"Damage":31}},{"v":3839,"type":"DIAMOND_HELMET","meta":{"meta-type":"ARMOR","enchants":{"minecraft:fire_protection":3,"minecraft:mending":1,"minecraft:respiration":3,"minecraft:unbreaking":3},"repair-cost":1,"Damage":31,"custom":"H4sIAAAAAAAA/22OWwrCQBAEO1nxsQoeSr2AF5AxGeNgMrvMjp7fFQP+SP9VQdERCIhnziR2SMUBNBvsTtrdSX1i9RIrW6zRSo/9TYwv2ZJz55K0RRhfYy189da4ZDH6o1Y11YsOM25mHJ96NabHz4S65ZEmGhifb2/odtp2oQAAAA\u003d\u003d"}},{"v":3839,"type":"SHIELD","meta":{"meta-type":"TILE_ENTITY","Damage":80,"blockMaterial":"SHIELD"}}]}}}"
"2024-06-22T07:35:09Z";"DESTROY_CHEST";"{"chest":{"location":{"world":"nasu vally_nether","x":-35.0,"y":63.0,"z":29.0},"createdAt":1719041565415,"expireAt":1719045165415,"owner":{"name":"PuneetD","op":false,"id":"d9d68f13-d608-35c3-9cc9-60dd58905161","entity-id":19990,"location":{"world":"nasu vally_nether","x":-34.637190426438,"y":61.0,"z":29.30000001192093,"yaw":-151.9495,"pitch":-90.0}},"isProtected":false,"inventory":{"type":"CHEST","size":45,"content":[]}},"reason":"PLAYER","extra":{"player":{"name":"PuneetD","op":false,"id":"d9d68f13-d608-35c3-9cc9-60dd58905161","entity-id":19990,"location":{"world":"nasu vally_nether","x":-34.637190426438,"y":61.0,"z":29.30000001192093,"yaw":-151.9495,"pitch":-90.0}}}}"
