{
  "pools": [
    {
      "rolls": 1,
      "entries": [
        {
          "type": "minecraft:item",
          "name": "minecraft:netherite_sword",
          "functions": [
            {
              "function": "minecraft:set_attributes",
              "modifiers": [
                {
                  "attribute": "minecraft:generic.attack_speed",
                  "name": "base",
                  "amount": -2.4,
                  "operation": "add_value",
                  "slot": "mainhand"
                },
                {
                  "attribute": "minecraft:generic.attack_speed",
                  "name": "sakuya",
                  "amount": 0.05,
                  "operation": "add_multiplied_base",
                  "slot": "mainhand"
                },
                {
                  "attribute": "minecraft:generic.attack_damage",
                  "name": "remilia_scarlet",
                  "amount": {
                    "min": 6.25,
                    "max": 8
                  },
                  "operation": "add_value",
                  "slot": "mainhand"
                }
              ]
            },
            {
              "function": "minecraft:set_lore",
              "entity": "this",
              "lore": [
                {
                  "translate":"incendium.item.scarlet_dagger.desc1","fallback":"Drains the life of its slain victims",
                  "color": "#990000",
                  "italic": true
                },
                "",
                {
                  "translate":"incendium","fallback":"Incendium",
                  "color": "#FF8000",
                  "italic": true
                }
              ],
              "mode": "replace_all"
            },
            {
              "function": "minecraft:set_name",
              "entity": "this",
              "name": {
                "translate":"incendium.item.scarlet_dagger.name","fallback":"Scarlet Dagger",
                "color": "#ff0000",
                "italic": false
              }
            },
            {
              "function": "minecraft:set_custom_data",
              "tag": "{incendium:{item:'scarlet_dagger'}}"
            },
            {
              "function": "minecraft:set_components",
              "components": {
                "minecraft:custom_model_data": 1450005
              }
            }
          ]
        }
      ]
    }
  ]
}
