{
  "linkage_data": {
    "l::nasu vally::2.0::64.0::-547.0": "l::nasu vally::3.0::64.0::-547.0",
    "l::nasu vally::-15.0::72.0::147.0": "l::nasu vally::-15.0::72.0::148.0",
    "l::nasu vally::580.0::64.0::-589.0": "l::nasu vally::580.0::64.0::-590.0",
    "l::nasu vally::576.0::65.0::-575.0": "l::nasu vally::575.0::65.0::-576.0",
    "l::nasu vally::575.0::65.0::-575.0": "l::nasu vally::575.0::65.0::-576.0",
    "l::nasu vally::576.0::65.0::-580.0": "l::nasu vally::575.0::65.0::-579.0",
    "l::nasu vally::575.0::65.0::-580.0": "l::nasu vally::575.0::65.0::-579.0",
    "l::nasu vally::575.0::65.0::-589.0": "l::nasu vally::575.0::65.0::-590.0",
    "l::nasu vally::576.0::65.0::-589.0": "l::nasu vally::576.0::65.0::-590.0",
    "l::nasu vally::578.0::65.0::-589.0": "l::nasu vally::578.0::65.0::-590.0",
    "l::nasu vally::577.0::65.0::-589.0": "l::nasu vally::577.0::65.0::-590.0",
    "l::nasu vally::574.0::65.0::-589.0": "l::nasu vally::574.0::65.0::-590.0",
    "l::nasu vally::-126.0::63.0::77.0": "l::nasu vally::-126.0::63.0::78.0",
    "l::nasu vally::-5.0::72.0::142.0": "l::nasu vally::-5.0::72.0::141.0"
  }
}